label,x,y
C,-2.521061556,1.4730958969365124
D,-2.454420028,1.5778182983354017
E,-2.362391251,1.6952343241462773
F,-2.27353588,1.7999567255451665
G,-2.191027321,1.8792918781200827
H,-2.108518763,1.9522802184890053
I,-2.01331658,2.044308995475908
J,-1.927634615,2.139511178565807
K,-1.832432432,2.215672925037727
L,-1.724536624,2.2950080776126427
M,-1.632507847,2.364823011878569
N,-1.521438634,2.4409847583504884
O,-1.423063044,2.5139730987194113
P,-1.311993831,2.602828469603318
Q,-1.181884181,2.685337028281231
R,-1.05177453,2.79005943
S,-0.912144662,2.8789148005640266
T,-0.762994575,2.9772903897569223
U,-0.636058331,3.062972354537832
V,-0.502775274,3.1200936643917716
W,-0.4,3.2
Z,-0.334584751,3.3231916549835567
A_1,-0.334584751,3.472341741824399
B_1,-0.359972,3.6056247981502585
C_1,-0.426613528,3.723040823961134
D_1,-0.502775274,3.894404753522953
E_1,-0.550376366,4.0181675915398225
F_1,-0.569416803,4.183184708895648
G_1,-0.60432427,4.351375232354469
H_1,-0.623364706,4.475138070371338
I_1,-0.658272174,4.386282699487432
J_1,-0.73443392,4.357722044560462
K_1,-0.8,4.4
L_1,-0.747127544,4.2656932675735595
M_1,-0.8,4.2
N_1,-0.877237195,4.176837896689654
O_1,-0.912144662,4.243479424852583
P_1,-0.90579785,4.351375232354469
Q_1,-0.86454357,4.449750821547365
R_1,-0.924838286,4.497351913092315
S_1,-1,4.6
T_1,-1.029560688,4.760744619641036
U_1,-1.067641561,4.906721300378882
V_1,-1.102549028,5.033657544498747
W_1,-1.112069246,5.151073570309624
Z_1,-1.124762871,5.278009814429489
A_2,-1.127936277,5.433506713476325
B_2,-1.118416058,5.598523831
C_2,-1.032734094,5.557269551493194
D_2,-0.972439378,5.477934398918277
E_2,-0.886757413,5.4049460585493545
F_2,-0.823289291,5.287530032738479
G_2,-0.750300951,5.201848067957569
H_2,-0.724913702,5.097125667
I_2,-0.715393483,4.992403265159791
J_2,-0.705873265,4.906721300378882
K_2,-0.686832828,4.789305274568006
L_2,-0.658272174,4.668715842654134
M_2,-0.639231737,4.583033877873224
N_2,-0.778861605,5.446200337888311
O_2,-0.737607326,5.595350424729154
P_2,-0.690006235,5.8111420397329265
Q_2,-0.6,6
R_2,-0.509122087,6.191950772092524
S_2,-0.439307152,6.350621077242355
T_2,-0.334584751,6.496597757980202
U_2,-0.2,6.6
V_2,-0.061671826,6.674308499748014
W_2,0.077958042,6.728256403498957
Z_2,0.2461485658167087,6.798071337764883
A_3,0.414339089,6.855192647618823
B_3,0.5825296127343532,6.893273520854782
C_3,0.7348531056781923,6.928180987987746
D_3,0.925257472,6.950394830708722
E_3,1.061713934286847,6.972608673429699
F_3,1.2457714882606523,6.997995922253672
G_3,1.4,7
H_3,1.5758057229723035,6.934527800193739
I_3,1.7122621854011595,6.855192647618823
J_3,1.851892053933012,6.763163871
K_3,1.9629612675378945,6.687002124160001
L_3,2.0898975116577603,6.588626534967105
M_3,2.216833755777626,6.471210509156229
N_3,2.299342314455539,6.347447671
O_3,2.4008913097514317,6.226858239225487
P_3,2.4833998684293443,6.061841121869662
Q_3,2.550041396592274,5.919037847234812
R_3,2.6262031430641937,5.782581384805957
S_3,2.6611106101971567,5.620737673553128
T_3,2.6960180773301197,5.449373743991309
U_3,2.5119605233563145,5.538229114875215
V_3,2.372330654824462,5.623911079656125
W_3,2.2422210046015993,5.684205795613061
Z_3,2.086724105554764,5.725460074952017
A_4,1.8391984295210253,5.7413271054670005
B_4,1.607539784,5.715939856643027
C_4,1.4425226666464444,5.661991952892085
D_4,1.4,5.2
E_4,1.5123376009123706,5.2938768449444735
F_4,1.661487687753213,5.357344967004407
G_4,1.8201579929030454,5.3605183731074035
H_4,1.9693080797438878,5.354171561
I_4,2.064510262833787,5.284356626635484
J_4,2.1501922276146965,5.214541692369558
K_4,2.086724105554764,5.151073570309625
L_4,1.9629612675378945,5.122512915382655
M_4,1.8011175562850654,5.112992697073665
N_4,1.6678344999592063,5.122512915382655
O_4,1.5155110070153672,5.141553352000635
P_4,1.2457714882606523,5.097125666558682
Q_4,1.2552917065696423,4.979709640747806
R_4,1.2616385187756356,4.884507457657906
S_4,1.2901991737026053,4.779785056259017
T_4,1.3219332347325718,4.665542436551139
U_4,1.3695343262775215,4.595727502285212
V_4,1.4520428849554343,4.548126410740262
W_4,1.4425226666464444,4.459271039856357
Z_4,1.4,4.4
A_5,1.3441470774535484,4.452924227650363
B_5,1.2711587370846256,4.446577415
C_5,1.2,4.4
D_5,1.1600895234797428,4.354548638457467
E_5,1.0490203098748603,4.341855014
F_5,1,4.4
G_5,0.9284308779609877,4.462444445959353
H_5,0.8586159436950614,4.5005253191953125
I_5,0.7888010094291352,4.494178507
J_5,0.7348531056781923,4.449750821547366
K_5,0.7031190446482258,4.398976324
L_5,0.6491711408972828,4.449750821547366
M_5,0.5983966432493365,4.503698725298309
N_5,0.6,4.6
O_5,0.7126392629572157,4.687756279272115
P_5,0.817361664,4.760744619641038
Q_5,0.880829786,4.874987239348917
R_5,0.925257472,5.062218199425719
S_5,0.9284308779609877,5.220888504575551
T_5,0.6745583897212559,5.243102347296528
U_5,0.5444487394983935,5.233582128987537
V_5,0.4,5.2
W_5,0.2,5.2
Z_5,0.046223981,5.246275753399524
A_6,-0.087059075,5.271663002223497
B_6,0,5.4
C_6,0.16998681934478918,5.433506713476326
D_6,0.3096166878766416,5.439853525682319
E_6,0.4778072113354639,5.420813089
F_6,0.6142636737643197,5.370038591416393
G_6,0.7697605728111554,5.668338765098078
H_6,0.6,5.8
I_6,0.4397263380995041,5.849222912968886
J_6,0.2398017536107154,5.890477192307843
K_6,0.0557442,5.861916537380873
L_6,-0.077538857,5.817488852
M_6,-0.210821913,5.712766450540031
N_6,-0.359972,5.576309988111175
O_6,-0.997826627,5.722286668849021
P_6,-0.97878619,5.906344222822826
Q_6,-0.959745753,6.109442213414612
R_6,-0.92166488,6.322060422315387
S_6,-0.867716976,6.531505225113165
T_6,-0.823289291,6.750470246219933
U_6,-0.766167981,6.925007581884757
V_6,-0.686832828,7.067810856519607
W_6,-0.556723178,7.226481161669439
Z_6,-0.4,7.4
A_7,-0.280636847,7.543821771969104
B_7,-0.141006979,7.6707580160889695
C_7,0.024010138606943433,7.7723070113848625
D_7,0.1731602254477858,7.867509194474762
E_7,0.3286571244946215,7.934150722637692
F_7,0.49050083574745046,7.975405001976648
G_7,0.6713849836182593,8.026179499624593
H_7,0.880829786,8.057913561
I_7,1.0458469037718636,8.026179499624593
J_7,1.1220086502437832,7.953191159255671
K_7,1.2362512699516623,8.026179499624593
L_7,1.445696072749441,8.016659281315604
M_7,1.6234068145172533,7.962711377564661
N_7,1.7662100891521024,7.9087634738137185
O_7,1.9058399576839549,7.826254915135805
P_7,2.0549900445247973,7.724705919839913
Q_7,2.2,7.6
R_7,2.337423187691499,7.508914304836131
S_7,2.464359431811365,7.394671685128253
T_7,2.5754286454162476,7.280429065420373
U_7,2.670630828506147,7.143972602991518
V_7,2.8,7
W_7,2.848341570273959,6.848845835412829
Z_7,2.918156504539882,6.680655311954007
A_8,2.9308501289518682,6.512464788495185
B_8,2.943543753363855,6.322060422315387
C_8,2.9562373777758415,6.125309243929594
D_8,2.943543753363855,5.969812344882759
E_8,2.943543753363855,5.7762345725999635
F_8,2.918156504539882,5.627084485759122
G_8,2.880075631303922,5.471587586712286
H_8,2.800740478729006,5.322437499871444
I_8,2.711885108,5.192327849648581
J_8,2.7055382956391067,5.335131124
K_8,2.6611106101971505,5.062218199
L_8,2.6103361125492044,4.900374488172892
M_8,2.7563127932870497,5.116166103176663
N_8,2.8546883824799454,5.255795971708515
O_8,2.9625841899818313,5.350998154798415
P_8,2.9308501289518647,5.198674661854576
Q_8,2.883249037406915,5.0431777628077405
R_8,2.8229543214499793,4.887680863760905
S_8,2.794393666523009,4.763918025744036
T_8,2.724578732257083,4.598900908
U_8,2.6611106101971505,4.487831694783328
V_8,2.6071627064462075,4.351375232354472
W_8,2.5405211782832784,4.316467765221509
Z_8,2.578602051519238,4.230785800440599
A_9,2.594469082034221,4.107022962
B_9,2.5278275538712918,4.049901653
C_9,2.438972182987386,4.062595276981777
D_9,2.426278558575399,4.157797460071676
E_9,2.5183073355623016,4.2529996431615755
F_9,2.445318995193379,4.351375232354472
G_9,2.5183073355623016,4.554473222946257
H_9,2.5912956759312245,4.773438244053025
I_9,2.5468679904892717,4.6655424365511395
J_9,2.470706244017352,4.478311476474338
K_9,2.3977179036484295,4.227612394337602
L_9,2.3628104365154665,4.024514403745817
M_9,2.3025157205585303,3.8468036619780053
N_9,2.226353974086611,3.669092920210193
O_9,2.1152847604817238,3.5643705188113026
P_9,1.9693080797438787,3.4850353662363864
Q_9,1.8265048051090302,3.3803129648374974
R_9,1.8,3.8
S_9,1.8391984295210166,3.907098378
T_9,1.785250525770074,4.157797460071675
U_9,1.8328516173150233,4.065768683084772
V_9,1.7630366830490976,4.005473967127836
W_9,1.6456206572382222,3.954699469
Z_9,1.5599386924573133,3.9515260633768934
A_{10},1.4139620117194682,3.9483526572738965
B_{10},1.3282800469385592,3.945179251
C_{10},1.2140374272306804,3.945179251
D_{10},1.096621401419805,3.961046281685883
E_{10},0.9442979084759667,3.9737399060978698
F_{10},0.855442538,3.976913312200867
G_{10},0.7285062934721958,3.9832601244068604
H_{10},0.6428243286912867,3.995953748818847
I_{10},0.5158880845714214,4.011820779
J_{10},0.4143390892755292,4.037208028157803
K_{10},0.26836240853768417,4.078462307
L_{10},0.1731602254477852,4.103849556320733
M_{10},0.084304855,4.126063399041709
N_{10},0.1445995705208155,4.237132612646592
O_{10},0.062091012,4.059421871
P_{10},0.10969210338785255,3.932485626758914
Q_{10},-0.2,3.4
R_{10},-0.029937765,3.3200182488805616
S_{10},0.1541197888298054,3.224816065790662
T_{10},0.3096166878766404,3.1232670704947694
U_{10},0.4841540235414551,3.0502787301258465
V_{10},0.6,3
W_{10},0.8237084765620947,2.9645967653449374
Z_{10},1,3
A_{11},1.2,3
B_{11},1.372707732380512,3.085186197
C_{11},1.5599386924573133,3.1835617864517056
D_{11},1.7186089976071446,3.3009778122625817
E_{11},2.0137357651858316,3.431087462485444
F_{11},1.9629612675378854,3.323191654983558
G_{11},1.9121867698899393,3.158174537627733
H_{11},1.9121867698899393,3.0153712629928835
I_{11},1.9026665515809493,2.8662211761520413
J_{11},2.0549900445247875,3.031238293507867
K_{11},2.1946199130566395,2.958249953138944
L_{11},2.2961689083525316,2.904302049388001
M_{11},2.423105152472397,2.8281403029160814
N_{11},2.5849488637252254,2.736111525929179
O_{11},2.6769776407121273,2.6821636221782357
P_{11},2.8,2.6
Q_{11},2.9689310021878175,2.5520539719553734
R_{11},3.1053874646166726,2.494932662101434
S_{11},3.292618424693474,2.3997304790115344
T_{11},3.5020632274912518,2.3140485142306253
U_{11},3.3973408260923628,2.3457825752605914
V_{11},3.1910694293975816,2.450504976659481
W_{11},3.2608843636635076,2.583788033
Z_{11},3.3497397345474136,2.6948572465902223
A_{12},3.457635542049299,2.8313137090190783
B_{12},3.5655313495511844,3.009024451
C_{12},3.6,3.2
D_{12},3.6,3.4
E_{12},3.6,3.6
F_{12},3.5687047556541764,3.8309366314630213
G_{12},3.514756851903234,3.9896069366128537
H_{12},3.435421699328318,4.129236805144706
I_{12},3.3402195162384194,4.284733704191542
J_{12},3.2,4.4
K_{12},3.0863470279986895,4.503698725
L_{12},3,4.6
M_{12},2.8673820068919222,4.690929685375112
N_{12},3.6650969660326944,2.1879056216365025
O_{12},3.841221004749007,2.0736630019286233
P_{12},4.012584934310825,1.9165793998302898
Q_{12},4.136347772327693,1.8070968892769055
R_{12},4.226789846263096,1.6928542695690265
S_{12},3.9221428603754207,2.016541692074684
T_{12},3.746018821659108,2.130784311782563
U_{12},3.5651346737883007,2.264067368108422
V_{12},2.874918846386535,2.5829946814595846
W_{12},2.4988702231814353,2.8019597025663527
Z_{12},2.3513068393920924,2.840040575802312
A_{13},2.1085412725128507,2.982843850437161
B_{13},2.2751450929201735,2.8305203574933224
C_{13},2.4227084767095164,2.7305580652489283
D_{13},2.508390441490425,2.6639165370859987
E_{13},2.6,2.6
F_{13},2.674994261897748,2.5068329349876652
G_{13},2.689274589361233,2.3497493328893313
H_{13},2.646433606970778,2.1831455124820076
I_{13},2.603592624580324,2.0831832202376135
J_{13},2.527430878108405,1.9546602730662495
K_{13},2.436988804173001,1.8166171075858955
L_{13},2.3370265119286073,1.6976143787235214
M_{13},2.237064219684214,1.5881318681701373
N_{13},2.146622146,1.492929685080238
O_{13},2.0514199626589114,1.4167679386083187
P_{13},1.941937452105528,1.3310859738274095
Q_{13},1.8372150507066394,1.2644444456644799
R_{13},1.718212321844266,1.2358837907375102
S_{13},1.6087298112908825,1.231123681583015
T_{13},1.513527628200984,1.231123681583015
U_{13},1.3802445718751257,1.0454794245577117
V_{13},1.2,1.2
W_{13},1.0470369310604803,1.2025630266560454
Z_{13},0.8804331106531575,1.240643899892005
A_{14},0.6995489627823501,1.2834848822824598
B_{14},0.4615435050576034,1.369166847063369
C_{14},0.26637902972331107,1.4881695759257432
D_{14},0.10453531847048328,1.5690914315521576
E_{14},-0.01922752,1.645253178024077
F_{14},-0.123949921,1.7166548153415013
G_{14},-0.257232977,1.8308974350493803
H_{14},-0.342914942,1.8975389632123099
I_{14},-0.428596907,1.992741146302209
J_{14},-0.538079417,2.0927034385466032
K_{14},-0.6332816,2.1879056216365025
L_{14},-0.733243893,2.3021482413443817
M_{14},-0.818925858,2.4401914068247357
N_{14},-0.8,2.6
O_{14},-0.780844984,2.773399047639383
P_{14},-0.69040291,2.9400028680467067
Q_{14},-1.323497428,2.744838392712413
R_{14},-1.36633841,2.9066821039652417
S_{14},-1.394899065,3.0828061426815556
T_{14},-1.428219829,3.301771163788324
U_{14},-1.42345972,3.5254962940495886
V_{14},-1.418699611,3.730180987692872
W_{14},-1.418699611,3.901544917254691
Z_{14},-1.375858629,4.120509938
A_{15},-1.31397721,4.329954741159238
B_{15},-1.204494699,4.501318670721057
C_{15},-1.08549197,4.639361836
